group,age,sample_id,n_roi_noncell_voxels,n_roi_noncell_nonzero,mean_AT8,std_AT8,median_AT8,AT8_positive_ratio_2std,AT8_positive_ratio_mean,AT8_positive_ratio_1std,total_cells,AT8_positive_cells_2std,AT8_positive_cells_mean,AT8_positive_cells_1std
PS19,4 Months,187,17580034,17580034,180.51104520048142,53.40778110239266,166.0,0.20194647201946472,0.7226277372262774,0.43795620437956206,411,83,297,180
PS19,4 Months,187,27269583,27269583,155.7096035901979,31.40372410693109,150.0,0.10869565217391304,0.8136645962732919,0.45652173913043476,322,35,262,147
PS19,4 Months,187,8811081,8811081,172.21671869773982,42.52702144009304,163.0,0.09090909090909091,0.7272727272727273,0.40082644628099173,242,22,176,97
PS19,4 Months,187,4701072,4701072,218.44813970090226,86.77592823920453,194.0,0.14864864864864866,0.6959459459459459,0.40540540540540543,148,22,103,60
PS19,4 Months,187,27022055,27022055,155.3446727867292,35.1024240089943,149.0,0.19484240687679083,0.8080229226361032,0.4498567335243553,349,68,282,157
PS19,4 Months,183,4930992,4930992,185.88752283516177,45.09621943876486,177.0,0.1925133689839572,0.7433155080213903,0.44385026737967914,187,36,139,83
PS19,4 Months,183,11649512,11649512,161.43634935094278,30.34215039357624,159.0,0.009868421052631578,0.6414473684210527,0.08552631578947369,304,3,195,26
PS19,4 Months,183,4036204,4036204,189.85056602689062,47.64725241934089,180.0,0.23333333333333334,0.7833333333333333,0.48333333333333334,120,28,94,58
PS19,4 Months,183,5461431,5461431,210.63619534880144,65.1234499699746,196.0,0.15028901734104047,0.7283236994219653,0.3930635838150289,173,26,126,68
PS19,4 Months,183,9649197,9649197,162.1184985652174,32.50342267230551,158.0,0.057692307692307696,0.7076923076923077,0.23076923076923078,260,15,184,60
PS19,4 Months,184,16477919,16477919,179.93005864393436,46.289060935535936,171.0,0.061224489795918366,0.763265306122449,0.31020408163265306,245,15,187,76
PS19,4 Months,184,6812684,6812684,166.57031868790625,47.94747697558473,156.0,0.3258426966292135,0.8539325842696629,0.5168539325842697,89,29,76,46
PS19,4 Months,184,14969395,14969395,170.29847478805922,37.47546198002748,163.0,0.1059322033898305,0.8305084745762712,0.3983050847457627,236,25,196,94
PS19,4 Months,184,6015439,6015439,201.58345417516495,61.51257138911694,185.0,0.2033898305084746,0.847457627118644,0.5932203389830508,118,24,100,70
PS19,4 Months,184,12782589,12782589,157.52504433960914,29.763765245605676,152.0,0.15168539325842698,0.7640449438202247,0.46629213483146065,178,27,136,83
PS19,4 Months,20,4413061,4413061,224.43077356057395,82.46600888363682,212.0,0.029411764705882353,0.6838235294117647,0.23529411764705882,136,4,93,32
PS19,4 Months,20,10418465,10418465,171.82634399597254,60.24755208882116,164.0,0.02766798418972332,0.6245059288537549,0.16205533596837945,253,7,158,41
PS19,4 Months,20,4981379,4981379,187.94720016284649,48.08395205904327,179.0,0.1125,0.63125,0.275,160,18,101,44
PS19,4 Months,20,51556314,51556314,155.23050521028327,37.94935119055123,149.0,0.1308562197092084,0.7172859450726979,0.23909531502423265,619,81,444,148
PS19,4 Months,20,29613473,29613473,187.04570446701743,52.51570244235028,176.0,0.08967851099830795,0.5313028764805414,0.20812182741116753,591,53,314,123
PS19,4 Months,186,10436248,10436248,171.18614927510347,27.25638867574945,169.0,0.02197802197802198,0.684981684981685,0.11721611721611722,273,6,187,32
PS19,4 Months,186,6984821,6984821,140.77517247757675,22.756025426628952,139.0,0.012578616352201259,0.6666666666666666,0.07547169811320754,159,2,106,12
PS19,4 Months,186,30857187,30857187,161.44311365776795,50.973747315742834,159.0,0.04081632653061224,0.7687074829931972,0.15419501133786848,441,18,339,68
PS19,4 Months,186,25732219,25732219,207.0563237861453,61.69273903369597,194.0,0.14645308924485126,0.6544622425629291,0.35697940503432496,437,64,286,156
PS19,4 Months,186,5567285,5567285,181.5051372437373,30.37320431395043,179.0,0.0223463687150838,0.7262569832402235,0.1452513966480447,179,4,130,26
PS19,9 Months,37,5096858,5096858,460.71207850012695,362.81588984376754,385.0,0.14772727272727273,0.6818181818181818,0.3068181818181818,88,13,60,27
PS19,9 Months,37,98117547,98117547,240.3566249062464,137.47962520322557,232.0,0.017241379310344827,0.535632183908046,0.05517241379310345,870,15,466,48
PS19,9 Months,37,66963683,66963683,210.0607593073995,124.95635537457648,180.0,0.0239880059970015,0.5007496251874063,0.08995502248875563,667,16,334,60
PS19,9 Months,37,60411301,60411301,290.062899489617,163.2250390702264,261.0,0.03535353535353535,0.6338383838383839,0.08080808080808081,396,14,251,32
PS19,9 Months,37,80024988,80024988,234.8099097122014,153.48486865751875,216.0,0.01943198804185351,0.5321375186846039,0.07025411061285501,669,13,356,47
PS19,9 Months,46,13479314,13479314,200.68563355672254,144.73705833240905,174.0,0.06093189964157706,0.5376344086021505,0.1111111111111111,279,17,150,31
PS19,9 Months,46,28012499,28012499,212.66017408871662,120.38835736295188,196.0,0.04811715481171548,0.6631799163179917,0.08577405857740586,478,23,317,41
PS19,9 Months,46,16013667,16013667,198.78139610371565,132.57573369546228,179.0,0.04819277108433735,0.5140562248995983,0.0963855421686747,249,12,128,24
PS19,9 Months,46,9971543,9971543,207.53208415187098,128.99616070830018,183.0,0.046153846153846156,0.5487179487179488,0.13333333333333333,195,9,107,26
PS19,9 Months,46,11181687,11181687,223.71224082734565,154.00439150620852,194.0,0.07386363636363637,0.6761363636363636,0.1590909090909091,176,13,119,28
PS19,9 Months,164,8521324,8521324,279.8320325573819,144.36758022261438,257.0,0.02909090909090909,0.6654545454545454,0.08363636363636363,275,8,183,23
PS19,9 Months,164,13399453,13399453,256.1774966485572,131.82920169185581,231.0,0.05660377358490566,0.6339622641509434,0.15471698113207547,265,15,168,41
PS19,9 Months,164,6933899,6933899,277.20201520097135,118.12920953937817,260.0,0.03211009174311927,0.7110091743119266,0.0963302752293578,218,7,155,21
PS19,9 Months,164,14693927,14693927,237.7150398256368,82.85167047128265,225.0,0.021686746987951807,0.6746987951807228,0.05542168674698795,415,9,280,23
PS19,9 Months,164,42548267,42548267,207.47460866032452,89.38722242222389,199.0,0.017496635262449527,0.6177658142664872,0.04306864064602961,743,13,459,32
PS19,9 Months,139,12813130,12813130,198.28152184516975,73.22299492572749,187.0,0.08053691275167785,0.8187919463087249,0.24161073825503357,149,12,122,36
PS19,9 Months,139,8541483,8541483,315.8808579259597,248.54513198338338,272.0,0.03,0.785,0.04,200,6,157,8
PS19,9 Months,139,17144047,17144047,246.80348974778244,130.33896488537303,225.0,0.059322033898305086,0.8983050847457628,0.11864406779661017,236,14,212,28
PS19,9 Months,139,15287314,15287314,233.619100844007,99.20994927423065,213.0,0.08865248226950355,0.8297872340425532,0.24468085106382978,282,25,234,69
PS19,9 Months,139,24775409,24775409,229.6648702751991,98.76608850386044,211.0,0.09152542372881356,0.7016949152542373,0.29491525423728815,295,27,207,87
PS19,9 Months,169,11576452,11576452,213.40036247720803,127.01096454028146,188.0,0.039711191335740074,0.4223826714801444,0.07942238267148015,277,11,117,22
PS19,9 Months,169,11222262,11222262,247.28733538746468,140.9378209567347,223.0,0.020066889632107024,0.5652173913043478,0.07023411371237458,299,6,169,21
PS19,9 Months,169,12394187,12394187,218.3568982782009,100.31144949539919,200.0,0.02962962962962963,0.5407407407407407,0.08888888888888889,270,8,146,24
PS19,9 Months,169,31942393,31942393,200.7193492359824,79.510173838455,188.0,0.034722222222222224,0.4930555555555556,0.075,720,25,355,54
PS19,9 Months,169,57572706,57572706,197.92875615400118,89.18687192481443,184.0,0.024017467248908297,0.44759825327510916,0.05131004366812227,916,22,410,47
PS19,9 Months,45,69849012,69849012,151.27212158705981,78.39068696605204,140.0,0.01651376146788991,0.48990825688073397,0.03486238532110092,545,9,267,19
PS19,9 Months,45,12615298,12615298,179.458039278977,86.16425949717336,165.0,0.0273972602739726,0.6301369863013698,0.0639269406392694,219,6,138,14
PS19,9 Months,45,13104756,13104756,164.7114177478772,61.660944524108714,154.0,0.02390438247011952,0.7211155378486056,0.06772908366533864,251,6,181,17
PS19,9 Months,45,9381784,9381784,171.63656890842935,85.1893528693854,158.0,0.052941176470588235,0.6411764705882353,0.09411764705882353,170,9,109,16
PS19,9 Months,45,8846015,8846015,184.70246738220544,116.79781403622034,164.0,0.06748466257668712,0.5460122699386503,0.11042944785276074,163,11,89,18
PS19,9 Months,48,24403499,24403499,209.45812114893852,75.57938606671662,197.0,0.0913978494623656,0.7311827956989247,0.28763440860215056,372,34,272,107
PS19,9 Months,48,5587897,5587897,265.4502534674494,99.42889396092967,247.0,0.06756756756756757,0.668918918918919,0.20945945945945946,148,10,99,31
PS19,9 Months,48,25257864,25257864,209.9663802924903,88.4076999731991,200.0,0.043583535108958835,0.7191283292978208,0.13801452784503632,413,18,297,57
PS19,9 Months,48,8210126,8210126,224.96009099007736,87.52721266199289,211.0,0.08717948717948718,0.6666666666666666,0.2153846153846154,195,17,130,42
PS19,9 Months,48,22634786,22634786,190.24384542447189,64.01769904378342,180.0,0.05361930294906166,0.67828418230563,0.1769436997319035,373,20,253,66
PS19,9 Months,166,35588373,35588373,201.08557511184904,48.20570728735051,195.0,0.01364522417153996,0.6101364522417154,0.08382066276803118,513,7,313,43
PS19,9 Months,166,50932060,50932060,216.78001851878759,73.57888050313188,207.0,0.018387553041018388,0.6294200848656294,0.08486562942008487,707,13,445,60
PS19,9 Months,166,25327930,25327930,200.57747233982406,64.2837010651263,194.0,0.011928429423459244,0.7017892644135189,0.07952286282306163,503,6,353,40
PS19,9 Months,166,62625057,62625057,187.43385961309386,41.93420913565237,182.0,0.009353078721745909,0.6321122369446609,0.05845674201091192,1283,12,811,75
PS19,9 Months,166,28554067,28554067,227.99317508780797,62.72555703220154,219.0,0.013782542113323124,0.5926493108728943,0.09341500765696784,653,9,387,61
PS19,9 Months,172,3439756,3439756,225.27571984757057,101.23368610038364,205.0,0.05357142857142857,0.7232142857142857,0.16071428571428573,112,6,81,18
PS19,9 Months,172,7410435,7410435,208.87605262039273,86.9696759099987,194.0,0.033816425120772944,0.7874396135265701,0.08695652173913043,207,7,163,18
PS19,9 Months,172,3258104,3258104,248.9883054684565,112.2401431904541,232.0,0.04878048780487805,0.8536585365853658,0.1951219512195122,82,4,70,16
PS19,9 Months,172,24588304,24588304,182.9143317489486,60.890629642185566,172.0,0.02459016393442623,0.7008196721311475,0.07172131147540983,488,12,342,35
PS19,9 Months,172,12920799,12920799,196.4461012821266,77.18346683031533,182.0,0.02903225806451613,0.7322580645161291,0.07096774193548387,310,9,227,22
PS19,9 Months,38,48822232,48822232,199.99196929382498,84.68232591778663,188.0,0.00911854103343465,0.4209726443768997,0.037993920972644375,658,6,277,25
PS19,9 Months,38,48302533,48302533,170.07063993931746,69.20781553675761,161.0,0.02197802197802198,0.6967032967032967,0.08351648351648351,455,10,317,38
PS19,9 Months,38,28234636,28234636,181.78804617845967,60.11928677546837,178.0,0.02178649237472767,0.5729847494553377,0.07625272331154684,459,10,263,35
PS19,9 Months,38,35147404,35147404,175.99936735014626,60.59206847876557,169.0,0.03125,0.61875,0.07916666666666666,480,15,297,38
PS19,9 Months,38,53294252,53294252,186.18973871703838,57.21045714144943,177.0,0.025380710659898477,0.5583756345177665,0.10998307952622674,591,15,330,65
PS19,9 Months,54,9498082,9498082,245.70800052052616,216.80519246211506,206.0,0.03488372093023256,0.7209302325581395,0.09302325581395349,172,6,124,16
PS19,9 Months,54,10180110,10180110,248.95698376540136,137.32974546762804,223.0,0.058823529411764705,0.7807486631016043,0.29411764705882354,187,11,146,55
PS19,9 Months,54,27579622,27579622,219.08071104092724,116.10764575764861,197.0,0.04,0.58,0.1825,400,16,232,73
PS19,9 Months,54,18878359,18878359,240.60678531433797,128.21428164811655,213.0,0.07317073170731707,0.7042682926829268,0.31402439024390244,328,24,231,103
PS19,9 Months,54,37666648,37666648,176.96219469807878,79.03038766374173,159.0,0.12179487179487179,0.6538461538461539,0.297008547008547,468,57,306,139
PS19,9 Months,42,88379334,88379334,148.90167199042256,50.199130692797446,137.0,0.035035035035035036,0.4624624624624625,0.14414414414414414,999,35,462,144
PS19,9 Months,42,36372912,36372912,224.92643036114347,127.22933646171752,205.0,0.035940803382663845,0.6194503171247357,0.19027484143763213,473,17,293,90
PS19,9 Months,42,85187283,85187283,190.14626104462096,74.07910925921807,184.0,0.01521216973578863,0.5340272217774219,0.10328262610088071,1249,19,667,129
PS19,9 Months,42,49993189,49993189,144.9578924041033,46.78588469142093,135.0,0.029411764705882353,0.5247678018575851,0.14241486068111456,646,19,339,92
PS19,9 Months,42,13150242,13150242,224.48472385527202,128.45239456848736,209.0,0.01646090534979424,0.6584362139917695,0.0411522633744856,243,4,160,10
PS19,9 Months,174,7974989,7974989,182.19678309274158,129.5574427868815,162.0,0.03783783783783784,0.6378378378378379,0.08648648648648649,185,7,118,16
PS19,9 Months,174,11624846,11624846,190.43754403284137,120.29809921695346,170.0,0.05442176870748299,0.5884353741496599,0.1054421768707483,294,16,173,31
PS19,9 Months,174,9356631,9356631,189.9629622029553,134.99116284795096,165.0,0.043478260869565216,0.5652173913043478,0.07905138339920949,253,11,143,20
PS19,9 Months,174,13931015,13931015,195.0067804104726,108.24566858162613,178.0,0.028662420382165606,0.5828025477707006,0.07643312101910828,314,9,183,24
PS19,9 Months,174,13508651,13508651,219.75323849879607,101.45995056938307,203.0,0.036414565826330535,0.5742296918767507,0.0784313725490196,357,13,205,28
PS19,6 Months,153,9996146,9996146,211.36134566261836,89.26377297757189,189.0,0.041884816753926704,0.680628272251309,0.2356020942408377,191,8,130,45
PS19,6 Months,153,47029116,47029116,153.4662043828338,47.03156393012578,146.0,0.02125,0.62125,0.14375,800,17,497,115
PS19,6 Months,153,5406068,5406068,205.91161376438475,122.99141472156927,183.0,0.0,0.7129629629629629,0.09259259259259259,108,0,77,10
PS19,6 Months,153,17667644,17667644,155.58305091499466,44.21446047725096,144.0,0.030395136778115502,0.5683890577507599,0.19148936170212766,329,10,187,63
PS19,6 Months,153,16763044,16763044,166.56541932360255,65.00656081632256,156.0,0.0030303030303030303,0.6151515151515151,0.07575757575757576,330,1,203,25
PS19,6 Months,178,7698945,7698945,464.1942760988681,227.92833719419002,407.0,0.08085106382978724,0.7659574468085106,0.3872340425531915,235,19,180,91
PS19,6 Months,178,4742506,4742506,292.1134598459127,196.11005195512104,242.0,0.03731343283582089,0.8059701492537313,0.3805970149253731,134,5,108,51
PS19,6 Months,178,4141641,4141641,556.083023613104,410.7817056647098,428.0,0.1694915254237288,0.711864406779661,0.4745762711864407,118,20,84,56
PS19,6 Months,178,9776390,9776390,438.3751708964147,221.09239915373607,378.0,0.07462686567164178,0.7723880597014925,0.48507462686567165,268,20,207,130
PS19,6 Months,178,5817290,5817290,388.79033639375035,216.8512919296108,330.0,0.06321839080459771,0.7873563218390804,0.5,174,11,137,87
PS19,6 Months,179,9083917,9083917,292.36717321393405,116.26621039619415,262.0,0.30864197530864196,0.7448559670781894,0.5720164609053497,243,75,181,139
PS19,6 Months,179,44217109,44217109,222.29752397426074,73.30892415673154,212.0,0.08817635270541083,0.7074148296593187,0.23647294589178355,499,44,353,118
PS19,6 Months,179,3475109,3475109,310.57245225977084,133.31543008465488,275.0,0.264,0.784,0.584,125,33,98,73
PS19,6 Months,179,29162749,29162749,285.4381195339301,107.02901930443318,264.0,0.1565934065934066,0.6593406593406593,0.2802197802197802,364,57,240,102
PS19,6 Months,179,17647789,17647789,273.6160584195561,151.9005706976328,246.0,0.08917197452229299,0.7133757961783439,0.3343949044585987,314,28,224,105
PS19,6 Months,167,11690606,11690606,164.0054409497677,35.807243619347076,159.0,0.017543859649122806,0.5298245614035088,0.09473684210526316,285,5,151,27
PS19,6 Months,167,18536758,18536758,170.85590047623214,60.974577751712026,163.0,0.019736842105263157,0.4309210526315789,0.049342105263157895,304,6,131,15
PS19,6 Months,167,51484860,51484860,148.90840742307543,66.77730773450834,145.0,0.002828854314002829,0.7213578500707214,0.015558698727015558,707,2,510,11
PS19,6 Months,167,6366799,6366799,168.3242879192511,56.67802975138223,160.0,0.0,0.616,0.072,125,0,77,9
PS19,6 Months,167,22491387,22491387,160.71898095924453,68.03325668859048,153.0,0.018518518518518517,0.3835978835978836,0.05026455026455026,378,7,145,19
PS19,6 Months,181,2154961,2154961,525.2786259240886,278.85432986911053,448.0,0.05319148936170213,0.7553191489361702,0.4787234042553192,94,5,71,45
PS19,6 Months,181,3687186,3687186,553.951308396159,279.300660730905,485.0,0.05263157894736842,0.8345864661654135,0.48872180451127817,133,7,111,65
PS19,6 Months,181,12175623,12175623,349.25181709387687,171.1082525114915,302.0,0.08304498269896193,0.6608996539792388,0.34256055363321797,289,24,191,99
PS19,6 Months,181,2225934,2225934,490.51568150717856,268.48969532329045,404.0,0.07352941176470588,0.7205882352941176,0.5294117647058824,68,5,49,36
PS19,6 Months,181,25827774,25827774,281.402914552373,139.76394697643198,260.0,0.04807692307692308,0.6538461538461539,0.21474358974358973,312,15,204,67
PS19,6 Months,410,20529970,20529970,149.65663715046833,12.740990095864367,149.0,0.0038910505836575876,0.7159533073929961,0.13229571984435798,257,1,184,34
PS19,6 Months,410,36236660,36236660,143.26636729212902,11.61132368708898,143.0,0.010362694300518135,0.8601036269430051,0.2538860103626943,193,2,166,49
PS19,6 Months,410,28922369,28922369,161.5743504966692,20.41126877776119,160.0,0.002890173410404624,0.8121387283236994,0.2023121387283237,346,1,281,70
PS19,6 Months,410,26400969,26400969,162.85887105128603,20.771472332844397,161.0,0.0,0.7662337662337663,0.1590909090909091,308,0,236,49
PS19,6 Months,410,22934965,22934965,157.90650777099506,15.579983109152888,157.0,0.013440860215053764,0.717741935483871,0.22311827956989247,372,5,267,83
PS19,6 Months,148,12916210,12916210,253.1621823274784,93.58502998620588,228.0,0.02390438247011952,0.601593625498008,0.19123505976095617,251,6,151,48
PS19,6 Months,148,29930289,29930289,202.59025744789835,51.35307145225128,195.0,0.12056737588652482,0.6595744680851063,0.2576832151300236,423,51,279,109
PS19,6 Months,148,28683863,28683863,162.1919217784578,52.57641690019469,143.0,0.08761329305135952,0.6676737160120846,0.2930513595166163,331,29,221,97
PS19,6 Months,148,75686567,75686567,191.06439282680108,46.139700966010636,187.0,0.09592326139088729,0.7470023980815348,0.2014388489208633,834,80,623,168
PS19,6 Months,148,12063429,12063429,200.09430842590444,80.04363297176634,175.0,0.05714285714285714,0.6457142857142857,0.2057142857142857,175,10,113,36
PS19,3 Months,453,13130095,13130095,182.83706416442533,35.98155916175631,178.0,0.10191082802547771,0.8535031847133758,0.4394904458598726,157,16,134,69
PS19,3 Months,453,5076513,5076513,187.78647528332934,30.12109788420646,185.0,0.1095890410958904,0.8904109589041096,0.4794520547945205,73,8,65,35
PS19,3 Months,453,24342193,24342193,176.72203256296586,23.385140311614304,174.0,0.16044776119402984,0.8134328358208955,0.43283582089552236,268,43,218,116
PS19,3 Months,453,13838907,13838907,168.0417606679487,27.583824873069172,165.0,0.10043668122270742,0.7991266375545851,0.4192139737991266,229,23,183,96
PS19,3 Months,453,17244851,17244851,179.80525810283893,27.58415609988497,177.0,0.07246376811594203,0.7420289855072464,0.3130434782608696,345,25,256,108
PS19,3 Months,246,50879985,50879985,136.88828330039797,28.735036343018084,135.0,0.02356902356902357,0.7845117845117845,0.16666666666666666,594,14,466,99
PS19,3 Months,246,65299278,65299278,126.97087503785264,11.945525158190236,126.0,0.03258426966292135,0.7471910112359551,0.13820224719101123,890,29,665,123
PS19,3 Months,246,109083524,109083524,131.48830896772276,19.81115477165289,130.0,0.02290748898678414,0.6475770925110133,0.1092511013215859,1135,26,735,124
PS19,3 Months,246,61867057,61867057,130.7747074828531,16.91082148290808,129.0,0.034482758620689655,0.669761273209549,0.17771883289124668,754,26,505,134
PS19,3 Months,246,71901262,71901262,137.34853143467774,25.457518905631012,135.0,0.03909205548549811,0.5296343001261034,0.15762925598991173,793,31,420,125
PS19,3 Months,240,8343280,8343280,208.76228989078635,72.30839071448476,192.0,0.14516129032258066,0.6666666666666666,0.43010752688172044,186,27,124,80
PS19,3 Months,240,24135966,24135966,178.51207956623736,44.51371827412326,170.0,0.12602739726027398,0.5945205479452055,0.30684931506849317,365,46,217,112
PS19,3 Months,240,30626766,30626766,167.339130648009,40.15010343976262,159.0,0.13352272727272727,0.7869318181818182,0.4602272727272727,352,47,277,162
PS19,3 Months,240,20555133,20555133,159.73027778511576,44.116288916739556,152.0,0.09259259259259259,0.7481481481481481,0.37037037037037035,270,25,202,100
PS19,3 Months,240,17143659,17143659,210.2426358340422,67.33294813451867,195.0,0.16356877323420074,0.6728624535315985,0.4200743494423792,269,44,181,113
PS19,3 Months,247,14477532,14477532,416.114335371526,162.87696268683882,393.0,0.07633587786259542,0.7404580152671756,0.33587786259541985,262,20,194,88
PS19,3 Months,247,6923366,6923366,382.13920844282967,136.02260642192948,353.0,0.1056338028169014,0.7676056338028169,0.4084507042253521,142,15,109,58
PS19,3 Months,247,50089547,50089547,333.0186595418801,108.98646646038686,311.0,0.10292072322670376,0.6342141863699583,0.25034770514603616,719,74,456,180
PS19,3 Months,247,6311047,6311047,597.0831790668014,271.9724753875326,540.0,0.05660377358490566,0.7169811320754716,0.37735849056603776,159,9,114,60
PS19,3 Months,247,13029895,13029895,483.58425037193314,172.64151612517742,448.0,0.07017543859649122,0.7017543859649122,0.35789473684210527,285,20,200,102
PS19,3 Months,245,85795215,85795215,152.79715987657355,25.771867944147548,149.0,0.06060606060606061,0.6238244514106583,0.19122257053291536,957,58,597,183
PS19,3 Months,245,49554556,49554556,154.62514217663457,31.969712203336233,149.0,0.0865979381443299,0.6597938144329897,0.2556701030927835,485,42,320,124
PS19,3 Months,245,28825482,28825482,160.7219792543278,39.360983194577706,156.0,0.03189066059225513,0.5763097949886105,0.1480637813211845,439,14,253,65
PS19,3 Months,245,37016821,37016821,160.04331179600754,37.04406988209115,153.0,0.14428857715430862,0.7154308617234469,0.37074148296593185,499,72,357,185
PS19,3 Months,245,17866017,17866017,190.0850978704431,64.85944621865795,177.0,0.09863945578231292,0.6768707482993197,0.29931972789115646,294,29,199,88
Control,7 Months,78,24075783,24075783,177.3728898869042,34.13717505110065,173.0,0.018691588785046728,0.6051401869158879,0.102803738317757,428,8,259,44
Control,7 Months,78,6682625,6682625,205.98490458465048,40.793469693024996,200.0,0.023668639053254437,0.7692307692307693,0.17159763313609466,169,4,130,29
Control,7 Months,78,10453705,10453705,206.2793074799796,64.56238009111455,190.0,0.03125,0.40625,0.08984375,256,8,104,23
Control,7 Months,78,17945153,17945153,196.0498918008668,46.32185645505607,187.0,0.02729528535980149,0.5210918114143921,0.09925558312655088,403,11,210,40
Control,7 Months,78,12235773,12235773,201.82865275450925,50.457452676850394,193.0,0.009868421052631578,0.5921052631578947,0.09539473684210527,304,3,180,29
Control,7 Months,74,27452075,27452075,186.30062113701788,57.736464614479694,181.0,0.004724409448818898,0.5196850393700787,0.03779527559055118,635,3,330,24
Control,7 Months,74,4977086,4977086,175.29994679617752,31.498161140482125,171.0,0.03361344537815126,0.7058823529411765,0.11764705882352941,119,4,84,14
Control,7 Months,74,16672071,16672071,181.9087099617078,59.46312489348479,176.0,0.007159904534606206,0.6109785202863962,0.05250596658711217,419,3,256,22
Control,7 Months,74,15522581,15522581,162.34449032670534,33.310825985810936,158.0,0.02127659574468085,0.5611702127659575,0.05053191489361702,376,8,211,19
Control,7 Months,74,2258707,2258707,274.3433822979253,102.3041578247989,248.0,0.044444444444444446,0.4444444444444444,0.1111111111111111,45,2,20,5
Control,9 Months,69,14754295,14754295,148.60525860435894,20.40740384512364,149.0,0.023255813953488372,0.7641196013289037,0.10963455149501661,301,7,230,33
Control,9 Months,69,13398333,13398333,152.47625439672234,26.86055432428421,149.0,0.02734375,0.625,0.07421875,256,7,160,19
Control,9 Months,69,45201637,45201637,143.84221401096602,15.374751913366994,144.0,0.013513513513513514,0.6816816816816816,0.06156156156156156,666,9,454,41
Control,9 Months,69,8546153,8546153,180.01688443911547,40.91506845398346,175.0,0.08620689655172414,0.7298850574712644,0.1839080459770115,174,15,127,32
Control,9 Months,69,19476566,19476566,146.8687876497325,18.311702429838522,146.0,0.00558659217877095,0.6787709497206704,0.030726256983240222,358,2,243,11
Control,9 Months,53,26549240,26549240,138.0646058418245,18.856141629953072,137.0,0.0,0.7259100642398287,0.034261241970021415,467,0,339,16
Control,9 Months,53,10511834,10511834,138.35715213919855,19.141811989279624,138.0,0.0,0.7423312883435583,0.018404907975460124,163,0,121,3
Control,9 Months,53,24408897,24408897,132.7738553692123,19.99190405461146,131.0,0.004282655246252677,0.569593147751606,0.16059957173447537,467,2,266,75
Control,9 Months,53,32037888,32037888,143.20939223584276,16.248150260003598,143.0,0.0022371364653243847,0.767337807606264,0.06935123042505593,447,1,343,31
Control,9 Months,53,10157404,10157404,143.92923477297938,24.89895396785126,141.0,0.12162162162162163,0.8513513513513513,0.3581081081081081,148,18,126,53
Control,9 Months,137,21328251,21328251,133.60359299972603,24.271995908704028,128.0,0.09019607843137255,0.7568627450980392,0.4117647058823529,255,23,193,105
Control,9 Months,137,27632428,27632428,134.03225608694248,21.792831478778133,133.0,0.08086253369272237,0.7951482479784366,0.4339622641509434,371,30,295,161
Control,9 Months,137,8204531,8204531,189.53517586806606,33.89862853140015,187.0,0.01098901098901099,0.8498168498168498,0.2564102564102564,273,3,232,70
Control,9 Months,137,14809283,14809283,175.51051614045056,31.62677780038492,175.0,0.023936170212765957,0.875,0.35638297872340424,376,9,329,134
Control,9 Months,137,9678458,9678458,150.19254627131718,22.712201058881725,149.0,0.0299625468164794,0.8913857677902621,0.35580524344569286,267,8,238,95
Control,9 Months,43,11840648,11840648,203.15841911692672,47.880020752483645,200.0,0.03488372093023256,0.748062015503876,0.22093023255813954,258,9,193,57
Control,9 Months,43,61048804,61048804,156.1880243878324,33.392738051991415,152.0,0.028258887876025523,0.44940747493163175,0.18778486782133091,1097,31,493,206
Control,9 Months,43,11696410,11696410,173.24156480492732,32.73943449752397,172.0,0.003663003663003663,0.73992673992674,0.2600732600732601,273,1,202,71
Control,9 Months,43,30268569,30268569,156.49321010187168,28.42125274751513,158.0,0.019823788546255508,0.5947136563876652,0.17841409691629956,454,9,270,81
Control,9 Months,43,8171886,8171886,181.64729304838565,42.141966261546145,178.0,0.005235602094240838,0.7382198952879581,0.27225130890052357,191,1,141,52
Control,9 Months,134,51053806,51053806,161.9155226546675,20.854410404342996,162.0,0.0,0.6604708798017348,0.04460966542750929,807,0,533,36
Control,9 Months,134,23940052,23940052,153.31686405693688,16.31687973178458,153.0,0.0019305019305019305,0.6583011583011583,0.017374517374517374,518,1,341,9
Control,9 Months,134,5178046,5178046,174.35119560544652,27.11787732730984,174.0,0.0,0.8433734939759037,0.0783132530120482,166,0,140,13
Control,9 Months,134,41858957,41858957,138.26863655489552,21.42670545047566,139.0,0.018518518518518517,0.662962962962963,0.1648148148148148,540,10,358,89
Control,9 Months,134,116617707,116617707,137.9933796503133,17.47343137277191,137.0,0.00228310502283105,0.5964611872146118,0.07705479452054795,1752,4,1045,135
Control,9 Months,130,34180578,34180578,150.1100314043841,19.491219639693792,151.0,0.004514672686230248,0.8645598194130926,0.17155756207674944,443,2,383,76
Control,9 Months,130,53089191,53089191,135.86171480744545,20.969252822094234,134.0,0.013358778625954198,0.7919847328244275,0.2881679389312977,524,7,415,151
Control,9 Months,130,30980483,30980483,132.52071654273433,12.325171070043902,132.0,0.01411764705882353,0.6023529411764705,0.08470588235294117,425,6,256,36
Control,9 Months,130,92353258,92353258,128.73224676058533,17.8736988022881,127.0,0.018726591760299626,0.8102372034956304,0.32209737827715357,801,15,649,258
Control,9 Months,130,30880289,30880289,144.73663996473607,16.975448420302648,144.0,0.012269938650306749,0.8507157464212679,0.147239263803681,489,6,416,72
Control,9 Months,47,15971024,15971024,151.8923271294314,22.092663840049187,150.0,0.0,0.8409703504043127,0.14016172506738545,371,0,312,52
Control,9 Months,47,56974833,56974833,140.9561079538399,17.580741513758102,140.0,0.0403899721448468,0.7674094707520891,0.26740947075208915,718,29,551,192
Control,9 Months,47,6730291,6730291,150.11207999772967,21.354007677667873,149.0,0.0,0.925531914893617,0.1595744680851064,188,0,174,30
Control,9 Months,47,27501202,27501202,146.02745258189077,27.006909559211383,143.0,0.05434782608695652,0.6521739130434783,0.24130434782608695,460,25,300,111
Control,9 Months,47,7971361,7971361,153.63860587922187,21.32840060249932,152.0,0.0043859649122807015,0.8245614035087719,0.16228070175438597,228,1,188,37
Control,9 Months,132,14232200,14232200,168.34148768286,26.950062124910016,167.0,0.0,0.6880222841225627,0.052924791086350974,359,0,247,19
Control,9 Months,132,19706954,19706954,159.24077800151156,42.18719683510997,157.0,0.014028056112224449,0.6292585170340681,0.04609218436873747,499,7,314,23
Control,9 Months,132,21556519,21556519,150.19403698714063,54.07558331528234,140.0,0.033854166666666664,0.7395833333333334,0.10416666666666667,384,13,284,40
Control,9 Months,132,11066780,11066780,153.07633349537986,22.105231766486675,152.0,0.002680965147453083,0.8337801608579088,0.0938337801608579,373,1,311,35
Control,9 Months,132,54657112,54657112,150.4345730341552,31.358944572579734,153.0,0.011734028683181226,0.7614080834419817,0.10430247718383312,767,9,584,80
Control,6 Months,149,13823788,13823788,180.21056312495534,42.543507488257895,176.0,0.018633540372670808,0.6118012422360248,0.046583850931677016,322,6,197,15
Control,6 Months,149,12319492,12319492,197.93840565828526,34.808600639626576,194.0,0.022988505747126436,0.47701149425287354,0.05747126436781609,348,8,166,20
Control,6 Months,149,9481562,9481562,189.47595311827314,36.16105439415735,185.0,0.004201680672268907,0.4957983193277311,0.046218487394957986,238,1,118,11
Control,6 Months,149,31992437,31992437,163.9247489023734,28.239830472376944,162.0,0.014251781472684086,0.5391923990498813,0.05463182897862233,421,6,227,23
Control,6 Months,149,26139136,26139136,170.8138776660407,29.625598069325243,168.0,0.014314928425357873,0.6196319018404908,0.09406952965235174,489,7,303,46
Control,6 Months,151,4137409,4137409,142.6980114849656,21.52396504890675,141.0,0.0,0.8789808917197452,0.2929936305732484,157,0,138,46
Control,6 Months,151,4545041,4545041,148.3070168123896,20.969526703141536,147.0,0.0,0.9395604395604396,0.12087912087912088,182,0,171,22
Control,6 Months,151,11821780,11821780,136.40618629343467,20.707449373841275,136.0,0.0,0.8722044728434505,0.15654952076677317,313,0,273,49
Control,6 Months,151,14048364,14048364,126.20487018986695,13.68933080858391,125.0,0.0,0.8077858880778589,0.051094890510948905,411,0,332,21
Control,6 Months,151,21416239,21416239,127.94329994169378,14.059514074961891,127.0,0.0,0.7505285412262156,0.02536997885835095,473,0,355,12
Control,6 Months,146,20735691,20735691,145.10573445563014,23.49393628246565,141.0,0.07051282051282051,0.5160256410256411,0.20833333333333334,312,22,161,65
Control,6 Months,146,8407748,8407748,190.91502278612538,41.91776121284819,186.0,0.029411764705882353,0.7279411764705882,0.28308823529411764,272,8,198,77
Control,6 Months,146,11788213,11788213,170.6049998417911,27.54483454389898,167.0,0.03666666666666667,0.7566666666666667,0.22,300,11,227,66
Control,6 Months,146,24477182,24477182,167.1322880632256,32.191873851357734,161.0,0.09693877551020408,0.5969387755102041,0.23214285714285715,392,38,234,91
Control,6 Months,146,19113363,19113363,152.61105583564756,26.541745905309753,150.0,0.0847953216374269,0.6169590643274854,0.2953216374269006,342,29,211,101
Control,6 Months,165,21053806,21053806,153.02796843478086,34.16585659582341,148.0,0.05235602094240838,0.4581151832460733,0.14659685863874344,382,20,175,56
Control,6 Months,165,117964604,117964604,146.5043730405775,26.547814391231892,148.0,0.0006915629322268327,0.6922544951590595,0.13623789764868602,1446,1,1001,197
Control,6 Months,165,13378119,13378119,170.4571884134085,25.221090458522152,169.0,0.0,0.6961538461538461,0.026923076923076925,260,0,181,7
Control,6 Months,165,22073356,22073356,153.68967976595857,27.453842760052268,152.0,0.0,0.5348258706467661,0.09950248756218906,402,0,215,40
Control,6 Months,165,6415795,6415795,177.23281728920577,25.905418386284737,176.0,0.0,0.6666666666666666,0.028985507246376812,138,0,92,4
Control,6 Months,147,42136300,42136300,143.73610001352753,21.692475116325525,146.0,0.00904977375565611,0.4675716440422323,0.10407239819004525,663,6,310,69
Control,6 Months,147,16298485,16298485,150.1816458400888,23.921219289607492,150.0,0.005509641873278237,0.8705234159779615,0.1928374655647383,363,2,316,70
Control,6 Months,147,28743991,28743991,156.8169855396907,16.148939812814064,156.0,0.007009345794392523,0.6682242990654206,0.08177570093457943,428,3,286,35
Control,6 Months,147,10820346,10820346,160.79807383238946,22.685574056781906,160.0,0.003676470588235294,0.7720588235294118,0.10661764705882353,272,1,210,29
Control,6 Months,147,31101108,31101108,153.83293984252907,18.68003369025744,155.0,0.0019120458891013384,0.7915869980879541,0.0745697896749522,523,1,414,39
Control,6 Months,408,21603825,21603825,145.88449276922026,11.819065224519417,145.0,0.0,0.5717703349282297,0.019138755980861243,418,0,239,8
Control,6 Months,408,13680671,13680671,140.6106630296131,15.96146223861339,140.0,0.0,0.8148148148148148,0.006172839506172839,162,0,132,1
Control,6 Months,408,15557567,15557567,144.26729449405553,15.80566171656243,144.0,0.0,0.7666666666666667,0.0,180,0,138,0
Control,6 Months,408,28708662,28708662,139.89680814800772,14.206670579638514,139.0,0.0,0.6476510067114094,0.003355704697986577,298,0,193,1
Control,6 Months,408,30701163,30701163,129.63942587451817,8.947227149873488,129.0,0.0,0.7105263157894737,0.013157894736842105,152,0,108,2
Control,3 Months,457,14043663,14043663,145.43754795312304,16.61946080956067,145.0,0.0,0.5598086124401914,0.004784688995215311,209,0,117,1
Control,3 Months,457,8452591,8452591,142.02891468426662,18.315968214168407,141.0,0.0,0.6181818181818182,0.01818181818181818,110,0,68,2
Control,3 Months,457,9546436,9546436,141.8077609277431,13.967752160069363,141.0,0.0,0.5228215767634855,0.008298755186721992,241,0,126,2
Control,3 Months,457,12546619,12546619,140.70810160091736,15.777402650514484,140.0,0.0,0.6597222222222222,0.006944444444444444,144,0,95,1
Control,3 Months,457,18095248,18095248,141.00256443017525,14.96913299808149,140.0,0.0,0.5736434108527132,0.007751937984496124,258,0,148,2
Control,3 Months,241,7737045,7737045,155.98992483564462,26.237996824021824,153.0,0.015267175572519083,0.8320610687022901,0.15648854961832062,262,4,218,41
Control,3 Months,241,14054451,14054451,160.789565597404,26.702885997619457,158.0,0.005847953216374269,0.9298245614035088,0.20760233918128654,342,2,318,71
Control,3 Months,241,3376770,3376770,152.87760048804034,24.54165566016137,151.0,0.02531645569620253,0.8734177215189873,0.4050632911392405,79,2,69,32
Control,3 Months,241,12935708,12935708,152.8106293834091,22.58156604112638,151.0,0.0055248618784530384,0.856353591160221,0.16574585635359115,362,2,310,60
Control,3 Months,241,6643066,6643066,177.91026658473663,35.20311334847899,173.0,0.04608294930875576,0.7972350230414746,0.19815668202764977,217,10,173,43
Control,3 Months,248,2375383,2375383,150.8633458267572,23.72045067948115,149.0,0.0,0.7391304347826086,0.08695652173913043,46,0,34,4
Control,3 Months,248,2344493,2344493,169.46610375889372,28.504970530823922,169.0,0.0,0.696969696969697,0.15151515151515152,66,0,46,10
Control,3 Months,248,27340251,27340251,163.52736084975956,20.421913788645785,165.0,0.0,0.7878787878787878,0.05411255411255411,462,0,364,25
Control,3 Months,248,43187997,43187997,153.6303647284221,15.980605266213308,154.0,0.0,0.6504599211563732,0.018396846254927726,761,0,495,14
Control,3 Months,248,1810854,1810854,152.88970066057232,21.656533708384174,152.0,0.0,0.7457627118644068,0.05084745762711865,59,0,44,3
Control,3 Months,244,10083844,10083844,159.89253780601922,23.156922964052853,158.0,0.009009009009009009,0.8378378378378378,0.23873873873873874,222,2,186,53
Control,3 Months,244,30927146,30927146,148.06147874103868,19.93190765067798,147.0,0.020930232558139535,0.5441860465116279,0.16511627906976745,430,9,234,71
Control,3 Months,244,5146248,5146248,167.50501044644565,26.52345928429803,165.0,0.014814814814814815,0.8814814814814815,0.362962962962963,135,2,119,49
Control,3 Months,244,4172935,4172935,159.54122745741307,26.298566656439117,157.0,0.010752688172043012,0.8387096774193549,0.3655913978494624,93,1,78,34
Control,3 Months,244,4420181,4420181,162.71755862486174,26.911696026650986,161.0,0.034482758620689655,0.8620689655172413,0.3620689655172414,116,4,100,42
Control,3 Months,456,21008151,21008151,163.19915431872133,22.9458087046185,160.0,0.02077922077922078,0.36883116883116884,0.04415584415584416,385,8,142,17
Control,3 Months,456,16901518,16901518,145.71262007353423,16.920934470710357,144.0,0.019337016574585635,0.46408839779005523,0.058011049723756904,362,7,168,21
Control,3 Months,456,35022210,35022210,135.64423173180677,9.54830756446252,135.0,0.0026595744680851063,0.5159574468085106,0.023936170212765957,376,1,194,9
Control,3 Months,456,11339953,11339953,151.1583338132001,17.81235242114752,151.0,0.0,0.6796875,0.015625,128,0,87,2
Control,3 Months,456,36545005,36545005,155.00240175093697,19.330492782307267,154.0,0.0022026431718061676,0.5462555066079295,0.046255506607929514,454,1,248,21
